<?xml version="1.0" encoding="UTF-8"?>
<project-private xmlns="http://www.netbeans.org/ns/project-private/1">
    <editor-bookmarks xmlns="http://www.netbeans.org/ns/editor-bookmarks/2" lastBookmarkId="0"/>
    <open-files xmlns="http://www.netbeans.org/ns/projectui-open-files/2">
        <group>
            <file>file:/D:/PDF/JEE-Mains/Attendance-Management-System-master/Attendance-Management-System-master/Attendanceproj/src/Addteacher.java</file>
            <file>file:/D:/PDF/JEE-Mains/Attendance-Management-System-master/Attendance-Management-System-master/Attendanceproj/src/Entryportal.java</file>
            <file>file:/D:/PDF/JEE-Mains/Attendance-Management-System-master/Attendance-Management-System-master/Attendanceproj/src/Deletestudent.java</file>
            <file>file:/D:/PDF/JEE-Mains/Attendance-Management-System-master/Attendance-Management-System-master/Attendanceproj/src/Report.java</file>
            <file>file:/D:/PDF/JEE-Mains/Attendance-Management-System-master/Attendance-Management-System-master/Attendanceproj/src/Addinfoform.java</file>
            <file>file:/D:/PDF/JEE-Mains/Attendance-Management-System-master/Attendance-Management-System-master/Attendanceproj/src/Takeattendence.java</file>
            <file>file:/D:/PDF/JEE-Mains/Attendance-Management-System-master/Attendance-Management-System-master/Attendanceproj/src/DeleteTeacher.java</file>
            <file>file:/D:/PDF/JEE-Mains/Attendance-Management-System-master/Attendance-Management-System-master/Attendanceproj/src/Addstudent.java</file>
            <file>file:/D:/PDF/JEE-Mains/Attendance-Management-System-master/Attendance-Management-System-master/Attendanceproj/src/Teacher1.java</file>
        </group>
    </open-files>
</project-private>
